categories,sub categories
Agronegócios,Adubo Orgânico
Agronegócios,Agricultura
Agronegócios,Agroindústria
Agronegócios,Agrotóxicos
Agronegócios,Equipamentos Agrícolas
Agronegócios,Equipamentos de Irrigação
Agronegócios,Fazendas
Agronegócios,Fertilizantes
Agronegócios,Floriculturas
Agronegócios,Frigoríficos e Abatedouros
Agronegócios,Gado Bovino de Corte
Agronegócios,Gado Leiteiro
Agronegócios,Gestão Rural
Agronegócios,Insumos Agrícolas
Agronegócios,Laticínios e Hortifruti
Agronegócios,Meio Ambiente
Agronegócios,Nutrição Animal
Agronegócios,Pecuárias Diversas
Agronegócios,Plantas e Mudas
Agronegócios,Produtos Orgânicos
Agronegócios,Sementes
Agronegócios,Tecnologia em Agronegócios
Alimentos e Bebidas,Alimentos Industrializados
Alimentos e Bebidas,Alimentos Naturais
Alimentos e Bebidas,Bares e Lanchonetes
Alimentos e Bebidas,Bebidas Diversas
Alimentos e Bebidas,Bebidas não Alcoólicas
Alimentos e Bebidas,Buffet e Eventos
Alimentos e Bebidas,Cesta Básica
Alimentos e Bebidas,Cesta de Natal
Alimentos e Bebidas,Comércio de Alimentos
Alimentos e Bebidas,Doces e Chocolates
Alimentos e Bebidas,Outras Bebidas
Alimentos e Bebidas,Outros Alimentos
Alimentos e Bebidas,Pizzarias
Alimentos e Bebidas,Receitas de Alimentos
Alimentos e Bebidas,Restaurantes
Alimentos e Bebidas,Suplemento Alimentar
Alimentos e Bebidas,Vinhos
Alimentos e Bebidas,Vitaminas
Automação,Automação Comercial
Automação,Automação Industrial
Automação,Automação Residencial
Automação,Balanças Comerciais
Automação,Bobina de Papel pdv
Automação,Caixa Registradora
Automação,Energia Solar
Automação,Equipamentos para Automação
Automação,Impressora de Cartão
Automação,Impressora Fiscal
Automação,Instrumento de Medição
Automação,Leitor de Código de Barras
Automação,Plastificador
Automação,Ponto Eletrônico
Automação,Segurança Eletrônica
Automação,Sistema de Estoque
Bebês e Crianças,Artigos para Festa Infantil
Bebês e Crianças,Babá Eletrônica
Bebês e Crianças,Berço e Cercado
Bebês e Crianças,Calçados Infantil
Bebês e Crianças,Carrinho de Bebê
Bebês e Crianças,Enxoval para Bebê
Bebês e Crianças,Fraldas Descartáveis
Bebês e Crianças,Kit Acessórios para Bebês
Bebês e Crianças,Kit para Quarto de Bebês
Bebês e Crianças,Outros Produtos Infantil
Bebês e Crianças,Roupas de Bebês
Bebês e Crianças,Trocador para Bebê
Beleza e Estética,Academia
Beleza e Estética,Acessórios para Cabelo
Beleza e Estética,Aparelhos de Estética
Beleza e Estética,Cirurgia Plástica
Beleza e Estética,Clínica Estética
Beleza e Estética,Emagrecimento
Beleza e Estética,Escova Progressiva
Beleza e Estética,Higiene Pessoal
Beleza e Estética,Kit de Maquiagem
Beleza e Estética,Kit Depilação
Beleza e Estética,Kit Unhas e Manicure
Beleza e Estética,Lentes de Contato
Beleza e Estética,Maleta de Maquiagem
Beleza e Estética,Perucas e Apliques
Beleza e Estética,Produtos de Beleza
Beleza e Estética,Salão de Beleza
Beleza e Estética,Tratamento de Pele
Beleza e Estética,Tratamento para Cabelos
Brindes,Brinde Executivo
Brindes,Brindes e Presentes
Brindes,Brindes Ecológicos
Brindes,Brindes Personalizados
Brindes,Brindes Promocionais
Brindes,Calendários
Brindes,Canecas e Squeezes
Brindes,Canetas e Lapiseiras
Brindes,Chaveiros Personalizados
Brindes,Chinelos Personalizados
Brindes,Convites e Lembrancinhas
Brindes,Fitas Personalizadas
Brindes,Pelúcias Personalizadas
Brindes,Pen Drive Personalizado
Brindes,Placas para Homenagens
Brindes,Porta Cartões e Carteiras
Brindes,Sacolas Ecológicas
Brindes,Troféu e Medalha
Brinquedos e Games,Acessórios para Brinquedos
Brinquedos e Games,Bichinhos de Pelúcia
Brinquedos e Games,Blocos de Montar
Brinquedos e Games,Bonecas e Bonecos
Brinquedos e Games,Brinquedos Educativos
Brinquedos e Games,Brinquedos Eletrônicos
Brinquedos e Games,Brinquedos Infláveis
Brinquedos e Games,Carrinhos de Brinquedo
Brinquedos e Games,Games
Brinquedos e Games,Jogos de Vídeo Game
Brinquedos e Games,Miniaturas e Colecionáveis
Brinquedos e Games,Outros Brinquedos
Cama Mesa e Banho,Artigos para Banho
Cama Mesa e Banho,Artigos para Mesa
Cama Mesa e Banho,Cama Box
Cama Mesa e Banho,Cobertor e Manta
Cama Mesa e Banho,Colchão de Casal
Cama Mesa e Banho,Colchão de Solteiro
Cama Mesa e Banho,Edredom de Casal
Cama Mesa e Banho,Edredom de Solteiro
Cama Mesa e Banho,Jogo de Banho
Cama Mesa e Banho,Jogo de Cama
Cama Mesa e Banho,Lençol de Casal
Cama Mesa e Banho,Lençol de Solteiro
Cama Mesa e Banho,Outros Artigos de Cama
Cama Mesa e Banho,Quarto Infantil
Cama Mesa e Banho,Tapete de Banheiro
Cama Mesa e Banho,Toalhas de Banho
Cama Mesa e Banho,Toalhas de Mesa
Cama Mesa e Banho,Travesseiros
Carros Motos e Autopeças,Automóveis e Utilitários
Carros Motos e Autopeças,Autopeça Acessório
Carros Motos e Autopeças,Caminhões
Carros Motos e Autopeças,Consórcio de Veículos
Carros Motos e Autopeças,Despachantes Detran
Carros Motos e Autopeças,Locadora de Veículos
Carros Motos e Autopeças,Moto e Motocicleta
Carros Motos e Autopeças,Oficina e Funilaria
Carros Motos e Autopeças,Seguro para Veículos
Carros Motos e Autopeças,Tratores e Máquinas
Celulares e Telefones,Apps Para Celular
Celulares e Telefones,Capas para Celulares
Celulares e Telefones,Celular e Smartphone
Celulares e Telefones,Chip Pós-Pago
Celulares e Telefones,Chip Pré-Pago
Celulares e Telefones,Fones de Ouvido
Celulares e Telefones,iPhone
Celulares e Telefones,PABX e Central Telefônica
Celulares e Telefones,Peças Para Celular
Celulares e Telefones,Peças Para Telefones
Celulares e Telefones,Telefones Acessórios
Celulares e Telefones,Telefones com Fio
Celulares e Telefones,Telefones Retrô
Celulares e Telefones,Telefones sem Fio
Celulares e Telefones,Telefonia Voip
Celulares e Telefones,Walkie Talkie
Componentes Eletrônicos,Cabos Eletronicos
Componentes Eletrônicos,Capacitores e Resistores
Componentes Eletrônicos,Componente Eletrônico
Componentes Eletrônicos,Isolante Térmico
Componentes Eletrônicos,Peças Eletrônicas
Componentes Eletrônicos,Sistema de Alarme
Comunicação e Marketing,Agência de Publicidade
Comunicação e Marketing,Comunicação Visual
Comunicação e Marketing,Designer Gráfico
Comunicação e Marketing,Feira e Eventos
Comunicação e Marketing,Imprensa e Mídia
Comunicação e Marketing,Marketing Digital
Comunicação e Marketing,Produção Cenográfica
Comunicação e Marketing,Propaganda
Construção e Reforma,Acústico e Carpete
Construção e Reforma,Arames Galvanizados
Construção e Reforma,Arquitetos
Construção e Reforma,Construções Reformas
Construção e Reforma,Divisória e Forro
Construção e Reforma,Engenharia Civil
Construção e Reforma,Ferro para Construção
Construção e Reforma,Fios e Cabos Elétricos
Construção e Reforma,Instalação Elétrica
Construção e Reforma,Jardinagem e Paisagismo
Construção e Reforma,Mármore e Granito
Construção e Reforma,Materiais de Construção
Construção e Reforma,Materiais Elétricos
Construção e Reforma,Piso e Revestimento
Construção e Reforma,Portas e Janelas
Construção e Reforma,Rodapé
Construção e Reforma,Telhados de Coberturas
Construção e Reforma,Tinta e Solvente
Construção e Reforma,Toldos e Portões
Construção e Reforma,Tomadas e Interruptores
Construção e Reforma,Tubos e Conexões
Construção e Reforma,Vidros e Esquadrias
Corretoras de Seguros,Consórcio Imóveis
Corretoras de Seguros,Consórcio Veículos
Corretoras de Seguros,Outros Seguros
Corretoras de Seguros,Seguro de Aluguel
Corretoras de Seguros,Seguro de Veículos
Corretoras de Seguros,Seguro de Viagem
Corretoras de Seguros,Seguro de Vida e Familia
Corretoras de Seguros,Seguro Residencial
Corretoras de Seguros,Seguro Saúde
Eletrodomésticos,Aquecedor de Ar
Eletrodomésticos,Ar Condicionado
Eletrodomésticos,Aspirador de Pó
Eletrodomésticos,Cafeteira
Eletrodomésticos,Centrífuga de Alimentos
Eletrodomésticos,Centrífuga de Roupas
Eletrodomésticos,Coifa e Depurador de Ar
Eletrodomésticos,Consertos de Eletrodoméstico
Eletrodomésticos,Ferro de Passar Roupas
Eletrodomésticos,Fogão e Cooktop
Eletrodomésticos,Liquidificador
Eletrodomésticos,Máquina de Lavar Roupas
Eletrodomésticos,Microondas e Fornos
Eletrodomésticos,Outros Eletrodomésticos
Eletrodomésticos,Peças de Eletrodomésticos
Eletrodomésticos,Purificador de Água
Eletrodomésticos,Refrigerador e Freezer
Eletrodomésticos,Ventilador e Circulador de Ar
Eletrônicos TV Som e DVD,Antena de TV
Eletrônicos TV Som e DVD,Áudio e Vídeo
Eletrônicos TV Som e DVD,Blu-Ray e DVD Player
Eletrônicos TV Som e DVD,Cabos para Áudio e Video
Eletrônicos TV Som e DVD,Caixa Acústica
Eletrônicos TV Som e DVD,Calculadoras
Eletrônicos TV Som e DVD,DVD Player Automotivo
Eletrônicos TV Som e DVD,Headset
Eletrônicos TV Som e DVD,Home Theater
Eletrônicos TV Som e DVD,Micro e Mini System
Eletrônicos TV Som e DVD,MP3 Player
Eletrônicos TV Som e DVD,Navegador GPS
Eletrônicos TV Som e DVD,Outros Eletrônicos
Eletrônicos TV Som e DVD,Receptor Digital para TV
Eletrônicos TV Som e DVD,Suporte para TV
Eletrônicos TV Som e DVD,Televisores
Embalagens,Acessórios de Embalagens
Embalagens,Bombonas e Tambores
Embalagens,Caixas de Papelão
Embalagens,Cordas e Barbantes
Embalagens,Embalagem Descartável
Embalagens,Embalagem Flexível
Embalagens,Embalagem para Presente
Embalagens,Embalagem Plástica
Embalagens,Embalagens de Madeira
Embalagens,Embalagens Diversas
Embalagens,Embalagens para Alimentos
Embalagens,Fitas Adesivas
Embalagens,Fitas para Arquear
Embalagens,Frascos de Vidro
Embalagens,Lonas e Encerados
Embalagens,Máquina Embaladora
Embalagens,Outras Embalagens
Embalagens,Papelão Ondulado
Embalagens,Plástico Bolha
Embalagens,Sacolas de Papel
Embalagens,Sacolas Plásticas
Embalagens,Sacos de Ráfia
Escolas e Cursos,Apostilas e Livros do ENEM
Escolas e Cursos,Apostilas para Concursos
Escolas e Cursos,Cursinho ENEM
Escolas e Cursos,Curso de Culinária
Escolas e Cursos,Curso de Espanhol
Escolas e Cursos,Curso de Informática
Escolas e Cursos,Curso de Inglês
Escolas e Cursos,Curso para Concursos Públicos
Escolas e Cursos,Curso para Vestibular
Escolas e Cursos,Cursos a Distância
Escolas e Cursos,Cursos de Idiomas
Escolas e Cursos,Cursos Online
Escolas e Cursos,Cursos Profissionalizantes
Escolas e Cursos,Cursos Técnicos
Escolas e Cursos,Ensino Médio e Supletivo
Escolas e Cursos,Faculdade
Escolas e Cursos,Mestrado e Doutorado
Escolas e Cursos,Reforço Escolar
Escritórios e Suprimentos,Agendas e Calendários
Escritórios e Suprimentos,Armários e Gaveteiros
Escritórios e Suprimentos,Arquivos para Escritórios
Escritórios e Suprimentos,Bobinas Térmicas e Pdv
Escritórios e Suprimentos,Cadeiras e Longarinas
Escritórios e Suprimentos,Calculadora de Mesa
Escritórios e Suprimentos,Cestos de Lixo
Escritórios e Suprimentos,Crachás e Acessórios
Escritórios e Suprimentos,Estantes de Livros
Escritórios e Suprimentos,Formulários e Impressos
Escritórios e Suprimentos,Fragmentadoras de Papel
Escritórios e Suprimentos,malotes e lacres
Escritórios e Suprimentos,Materiais de Escritórios
Escritórios e Suprimentos,Mesa e Escrivaninha
Escritórios e Suprimentos,Móveis para Escritórios
Escritórios e Suprimentos,Papelarias e Suprimentos
Escritórios e Suprimentos,Suportes e Organizadores
Escritórios e Suprimentos,Suprimentos de Impressoras
Esporte e Lazer,Aparelhos de Ginástica
Esporte e Lazer,Artigos Náuticos
Esporte e Lazer,Artigos para Academia
Esporte e Lazer,Bicicletas
Esporte e Lazer,Bola de Futebol
Esporte e Lazer,Camisa de Futebol
Esporte e Lazer,Escolinha de Futebol
Esporte e Lazer,Fitness
Esporte e Lazer,Musculação e Ginástica
Esporte e Lazer,Outros Artigos Esportivos
Ferramentas e Máquinas,Caixas de Ferramentas
Ferramentas e Máquinas,Carregador de Baterias
Ferramentas e Máquinas,Chaves e Alicates
Ferramentas e Máquinas,Compressor de Ar
Ferramentas e Máquinas,Ferramentas Automotivas
Ferramentas e Máquinas,Ferramentas Diversas
Ferramentas e Máquinas,Ferramentas Dremel
Ferramentas e Máquinas,Ferramentas para Jardim
Ferramentas e Máquinas,Ferramentas Pneumáticas
Ferramentas e Máquinas,Geradores de Energia
Ferramentas e Máquinas,Hidráulica
Ferramentas e Máquinas,Instrumentos de Medição
Ferramentas e Máquinas,Manutenção de Máquinas
Ferramentas e Máquinas,Máquina de Costura
Ferramentas e Máquinas,Maquinas de Embalar
Ferramentas e Máquinas,Máquinas de Solda
Ferramentas e Máquinas,Máquinas e Equipamentos
Ferramentas e Máquinas,Máquinas Industriais
Ferramentas e Máquinas,Máquinas para Madeira
Ferramentas e Máquinas,Movimentação de Cargas
Ferramentas e Máquinas,Outras Máquinas
Ferramentas e Máquinas,Parafusos e Fixadores
Ferramentas e Máquinas,Peças para Máquinas
Ferramentas e Máquinas,Rolamentos e Motores
Ferramentas e Máquinas,Talhas e Guinchos
Ferramentas e Máquinas,Usinagem e Corte
Foto Câmera e Filmadora,Acessórios para Câmeras
Foto Câmera e Filmadora,Acessórios para Filmadoras
Foto Câmera e Filmadora,Bolsa e Estojo para Cameras
Foto Câmera e Filmadora,Câmera Digital
Foto Câmera e Filmadora,Filmadora
Foto Câmera e Filmadora,Fotos e Filmagem
Foto Câmera e Filmadora,Porta Retratos Digital
Foto Câmera e Filmadora,Revelação Fotos
Gráficas e Editoras,Banner e Adesivos
Gráficas e Editoras,Comunicação Visual
Gráficas e Editoras,Copiadora e Encadernadora
Gráficas e Editoras,Crachás
Gráficas e Editoras,Editora
Gráficas e Editoras,Etiquetas e Rótulos
Gráficas e Editoras,Fotolito Arte e Design
Gráficas e Editoras,Gráfica Off Set
Gráficas e Editoras,Gráfica Silk Screen
Gráficas e Editoras,Impressora de PVC
Gráficas e Editoras,Máquinas Gráficas
Gráficas e Editoras,Sinalização
Imóveis,Aluguel para Temporada
Imóveis,Apartamento à Venda
Imóveis,Apartamento para Alugar
Imóveis,Casa à Venda
Imóveis,Casa Para Alugar
Imóveis,Corretor de Imóveis
Imóveis,Financiamento de Imóveis
Imóveis,Imobiliárias
Imóveis,Outros Imóveis
Imóveis,Sala Comercial
Imóveis,Sítio e Chácara
Imóveis,Terreno à Venda
Indústria e Comércio,Aço Inox
Indústria e Comércio,Alumínio e Esquadrias
Indústria e Comércio,Balança Eletrônica
Indústria e Comércio,Bombas e Compressores
Indústria e Comércio,Borrachas e Artefatos
Indústria e Comércio,Componentes Eletrônicos
Indústria e Comércio,Couro e Artefatos de Couro
Indústria e Comércio,Distribuidores e Atacadistas
Indústria e Comércio,Equipamentos Hidráulicos
Indústria e Comércio,Equipamentos para Empresas
Indústria e Comércio,Equipamentos para Indústria
Indústria e Comércio,Fábrica de Alimentos
Indústria e Comércio,Ferragens e Metais
Indústria e Comércio,Madeira e Laminados
Indústria e Comércio,Marcenarias e Moveis
Indústria e Comércio,Matéria-Prima
Indústria e Comércio,Metalúrgicas
Indústria e Comércio,Minerais e Minérios
Indústria e Comércio,Outros Equipamentos
Indústria e Comércio,Parafusos e Porcas
Indústria e Comércio,Passa o Ponto
Indústria e Comércio,Petróleo e Gás
Indústria e Comércio,Plásticos e Derivados
Indústria e Comércio,Pneumática
Indústria e Comércio,Produtos Quimicos
Indústria e Comércio,Tecidos e Confecções
Indústria e Comércio,Tubos e Conexões
Indústria e Comércio,Uniformes Profissionais
Indústria e Comércio,Válvulas e Conexões
Indústria e Comércio,Vidraçarias
Informática,Cartucho para Impressora
Informática,Computador Desktop
Informática,Hardware e Periféricos
Informática,Impressora Jato de Tinta
Informática,Impressora Laser
Informática,Modem DSL
Informática,Monitores LCD e LED
Informática,Mouse
Informática,Notebook e Ultrabook
Informática,Redes e Equipamentos
Informática,Roteadores
Informática,Serviços de Informática
Informática,Softwares e Aplicativos
Informática,Tablet
Informática,Toner Para Impressoras
Internet e Sites,Business Cloud Server
Internet e Sites,Cloud Virtual Machines
Internet e Sites,Desenvolvimento de Sites
Internet e Sites,E-mail Marketing
Internet e Sites,Hospedagem de Sites
Internet e Sites,Servidor Cloud
Internet e Sites,Servidor Dedicado
Internet e Sites,Sistemas Web
Internet e Sites,SSD VPS Hosting
Internet e Sites,Trabalhos na Internet
Internet e Sites,Virtual Cloud Servers
Internet e Sites,Web Designer
Joias e Relógios,Alianças e Anéis
Joias e Relógios,Anéis de Ouro
Joias e Relógios,Anéis de Prata
Joias e Relógios,Brincos
Joias e Relógios,Colares e Correntes
Joias e Relógios,Joias e Bijuterias
Joias e Relógios,Medalhas
Joias e Relógios,Outras Joias
Joias e Relógios,Pedras Preciosas
Joias e Relógios,Pingentes
Joias e Relógios,Porta Joias
Joias e Relógios,Porta Relógios
Joias e Relógios,Pulseira e Bracelete
Joias e Relógios,Relógios de Parede
Joias e Relógios,Relógios de Pulso
Joias e Relógios,Relógios Femininos
Joias e Relógios,Relógios Masculinos
Joias e Relógios,Tornozeleiras
Lojas e Variedades,Arte e Antiguidades
Lojas e Variedades,Artigos para Festas
Lojas e Variedades,Artigos Religiosos
Lojas e Variedades,CDs e DVDs
Lojas e Variedades,Colecionáveis
Lojas e Variedades,Enfeites de Natal
Lojas e Variedades,Instrumentos Musicais
Lojas e Variedades,Livros Evangélicos
Lojas e Variedades,Outras Lojas
Lojas e Variedades,Som e Acessórios
Materiais de Limpeza,Água Sanitária
Materiais de Limpeza,Ceras e Removedores
Materiais de Limpeza,Desinfetantes
Materiais de Limpeza,Esponja e Lã de Aço
Materiais de Limpeza,Limpador Multiuso
Materiais de Limpeza,Papel Higiênico e Interfolhas
Materiais de Limpeza,Sacos de Lixo
Materiais de Limpeza,Vassouras e Rodos
Moda e Acessórios,Acessórios de Moda
Moda e Acessórios,Bolsas e Sacolas
Moda e Acessórios,Calçado Feminino
Moda e Acessórios,Calçado Masculino
Moda e Acessórios,Carteiras e Clutches
Moda e Acessórios,Casacos e Jaquetas
Moda e Acessórios,Chapéus e Bonés
Moda e Acessórios,Lingeries
Moda e Acessórios,Mochilas e Malas
Moda e Acessórios,Moda Praia
Moda e Acessórios,Óculos de Sol
Moda e Acessórios,Roupa Feminina
Moda e Acessórios,Roupa Masculina
Moda e Acessórios,Roupas Infantil
Móveis e Decoração,Armários e Guarda-Roupa
Móveis e Decoração,Cortinas e Persianas
Móveis e Decoração,Cozinha Modulada
Móveis e Decoração,Espreguiçadeiras
Móveis e Decoração,Estantes e Livreiros
Móveis e Decoração,Lustres e Luminárias
Móveis e Decoração,Móveis para Banheiro
Móveis e Decoração,Móveis para Dormitórios
Móveis e Decoração,Móveis para Escola
Móveis e Decoração,Móveis para Escritório
Móveis e Decoração,Móveis para Jardim
Móveis e Decoração,Móveis para Sala
Móveis e Decoração,Móveis para Varanda
Móveis e Decoração,Objetos Decorativos
Móveis e Decoração,Outros Móveis
Móveis e Decoração,Plantas Artificiais
Móveis e Decoração,Sofás e Poltronas
Móveis e Decoração,Tapetes
Móveis e Decoração,Vasos e Cachepots
Papelarias e Livrarias,Agendas e Calendários
Papelarias e Livrarias,Blocos Auto-Adesivos
Papelarias e Livrarias,Blocos de Papel
Papelarias e Livrarias,Cadernos e Fichários
Papelarias e Livrarias,Caixas Organizadoras
Papelarias e Livrarias,Canetas
Papelarias e Livrarias,Cartões Comemorativos
Papelarias e Livrarias,Cartuchos e Toners
Papelarias e Livrarias,Colas e Fitas Adesivas
Papelarias e Livrarias,Envelopes
Papelarias e Livrarias,Estojos e Necessaires
Papelarias e Livrarias,Etiquetas Adesivas
Papelarias e Livrarias,Formulários
Papelarias e Livrarias,Kit Escolar
Papelarias e Livrarias,Lápis e Lapiseiras
Papelarias e Livrarias,Livros Diversos
Papelarias e Livrarias,Livros Escolares
Papelarias e Livrarias,Marcadores de Texto
Papelarias e Livrarias,Mídias de CD e DVD
Papelarias e Livrarias,Outros Artigos de Papelarias
Papelarias e Livrarias,Papéis Diversos
Papelarias e Livrarias,Papel Sulfite
Papelarias e Livrarias,Pastas e Arquivos
Papelarias e Livrarias,Quadros e Lousas
Perfumes e Cosméticos,Cosmético Orgânico
Perfumes e Cosméticos,Desodorantes
Perfumes e Cosméticos,Espuma para Barbear
Perfumes e Cosméticos,Gel e Espuma para Barbear
Perfumes e Cosméticos,Hidratante e Loção Corporal
Perfumes e Cosméticos,Hidratante e Loção Facial
Perfumes e Cosméticos,Perfume Feminino
Perfumes e Cosméticos,Perfumes Contratipo
Perfumes e Cosméticos,Perfumes Importados
Perfumes e Cosméticos,Perfumes Masculino
Perfumes e Cosméticos,Produtos de Higiene Pessoal
Perfumes e Cosméticos,Produtos de Maquiagem
Perfumes e Cosméticos,Produtos para Depilação
Perfumes e Cosméticos,Shampoo e Condicionador
Pet Shop,Animais e Filhotes
Pet Shop,Arranhadores e Brinquedos
Pet Shop,Artigos para Animais
Pet Shop,Banho e Tosa
Pet Shop,Bebedouro e Comedouro
Pet Shop,Cama para Cães
Pet Shop,Cama para Gatos
Pet Shop,Casinha para Cães
Pet Shop,Lojas Pet Shop
Pet Shop,Medicamentos Veterinários
Pet Shop,ONG de Animais
Pet Shop,Ossinhos e Petiscos
Pet Shop,Ração e Suplementos
Pet Shop,Ração para Aves
Pet Shop,Ração para Cães
Pet Shop,Ração para Gatos
Pet Shop,Ração Para Peixes
Pet Shop,Shampoo para Cães
Pet Shop,Shampoo para Gatos
Pet Shop,Veterinários
Restaurantes e Bares,Bares e Choperias
Restaurantes e Bares,Churrascarias
Restaurantes e Bares,Drinks e Coquetéis
Restaurantes e Bares,Food Truck
Restaurantes e Bares,Lanchonete e Pastelaria
Restaurantes e Bares,Padaria e Confeitaria
Restaurantes e Bares,Pizzarias
Restaurantes e Bares,Restaurantes
Saúde e Odontologia,Clinica Médica
Saúde e Odontologia,Clinica Odontológica
Saúde e Odontologia,Equipamentos Médicos
Saúde e Odontologia,Equipamentos Odontológicos
Saúde e Odontologia,Ervas e Chás Naturais
Saúde e Odontologia,Farmácias
Saúde e Odontologia,Laboratório Clínico
Saúde e Odontologia,Planos de Saude
Saúde e Odontologia,Produtos de Higiene Bucal
Saúde e Odontologia,Produtos Hospitalares
Serviços Administrativos,Assessoria Empresarial
Serviços Administrativos,Assessoria Jurídica
Serviços Administrativos,Consultorias
Serviços Administrativos,Contabilidade
Serviços Administrativos,Despachantes
Serviços Administrativos,Engenharia e Projetos
Serviços Administrativos,Recursos Humanos
Serviços Administrativos,Segurança do Trabalho
Serviços Administrativos,Segurança Patrimonial
Serviços Diversos,Aluguel de Equipamentos
Serviços Diversos,Assistência Técnica
Serviços Diversos,Aulas Particulares
Serviços Diversos,Construção Civil
Serviços Diversos,Dedetizadora e Desentupidora
Serviços Diversos,Estampa em Tecidos
Serviços Diversos,Eventos e Shows
Serviços Diversos,Fotógrafos Profissionais
Serviços Diversos,Instalações Elétricas
Serviços Diversos,Jardinagem e Paisagismo
Serviços Diversos,Limpeza e Conservação
Serviços Diversos,Outros Serviços
Serviços Diversos,Reforma em Estofados
Serviços Diversos,Reformas e Pinturas
Serviços Diversos,Serviços de Manutenção
Serviços Diversos,Serviços Técnicos
Serviços Diversos,Terapias e Massagistas
Serviços Diversos,Terceirização de Mão-de-Obra
Serviços Diversos,Usinagem de Peças
Transporte e Logística,Guincho e Guindaste
Transporte e Logística,Logística e Distribuição
Transporte e Logística,Logística Equipamentos
Transporte e Logística,Mudança e Carreto
Transporte e Logística,Transporte Aéreo
Transporte e Logística,Transporte Executivo
Transporte e Logística,Transporte Expresso
Transporte e Logística,Transporte Marítimo
Transporte e Logística,Transporte Rodoviário
Turismo e Hotelaria,Agência de Viagens
Turismo e Hotelaria,Hotéis
Turismo e Hotelaria,Hotel Fazenda
Turismo e Hotelaria,Passagens Aéreas
Turismo e Hotelaria,Pousadas
Turismo e Hotelaria,Viagens Internacionais
Utensílios Domésticos,Aparelho de Jantar
Utensílios Domésticos,Cafeteiras
Utensílios Domésticos,Churrasqueiras
Utensílios Domésticos,Conjuntos de Utensílios
Utensílios Domésticos,Cooler para Bebidas
Utensílios Domésticos,Garrafa Térmica
Utensílios Domésticos,Kit para Churrasco
Utensílios Domésticos,Outros Utensílios Domésticos
Utensílios Domésticos,Panelas
Utensílios Domésticos,Suporte para Utensílios
